Date,Product,Revenue,Quantity
2026-07-07,Alpha,10000,10
2026-07-07,Beta,9500,19
2026-07-07,Gamma,6300,21
2026-07-07,Delta,6400,8
2026-07-07,Epsilon,3150,21
2026-07-08,Alpha,10000,10
2026-07-08,Beta,9000,18
2026-07-08,Gamma,5100,17
2026-07-08,Delta,6400,8
2026-07-08,Epsilon,3600,24
2026-07-09,Alpha,13000,13
2026-07-09,Beta,8000,16
2026-07-09,Gamma,7500,25
2026-07-09,Delta,7200,9
2026-07-09,Epsilon,4800,32
2026-07-10,Alpha,13000,13
2026-07-10,Beta,10500,21
2026-07-10,Gamma,9600,32
2026-07-10,Delta,5600,7
2026-07-10,Epsilon,3900,26
2026-07-11,Alpha,21000,21
2026-07-11,Beta,10500,21
2026-07-11,Gamma,8400,28
2026-07-11,Delta,10400,13
2026-07-11,Epsilon,5850,39
2026-07-12,Alpha,20000,20
2026-07-12,Beta,9000,18
2026-07-12,Gamma,8700,29
2026-07-12,Delta,7200,9
2026-07-12,Epsilon,4200,28
2026-07-13,Alpha,7000,7
2026-07-13,Beta,7000,14
2026-07-13,Gamma,6600,22
2026-07-13,Delta,7200,9
2026-07-13,Epsilon,3150,21
2026-07-14,Alpha,14000,14
2026-07-14,Beta,6500,13
2026-07-14,Gamma,6600,22
2026-07-14,Delta,6400,8
2026-07-14,Epsilon,3300,22
2026-07-15,Alpha,15000,15
2026-07-15,Beta,7500,15
2026-07-15,Gamma,6000,20
2026-07-15,Delta,7200,9
2026-07-15,Epsilon,4650,31
2026-07-16,Alpha,15000,15
2026-07-16,Beta,7000,14
2026-07-16,Gamma,7500,25
2026-07-16,Delta,10400,13
2026-07-16,Epsilon,3750,25
2026-07-17,Alpha,13000,13
2026-07-17,Beta,9500,19
2026-07-17,Gamma,10200,34
2026-07-17,Delta,6400,8
2026-07-17,Epsilon,5100,34
2026-07-18,Alpha,17000,17
2026-07-18,Beta,11500,23
2026-07-18,Gamma,7500,25
2026-07-18,Delta,8000,10
2026-07-18,Epsilon,4050,27
2026-07-19,Alpha,14000,14
2026-07-19,Beta,10500,21
2026-07-19,Gamma,9000,30
2026-07-19,Delta,6400,8
2026-07-19,Epsilon,4200,28
2026-07-20,Alpha,21000,21
2026-07-20,Beta,9000,18
2026-07-20,Gamma,6300,21
2026-07-20,Delta,5600,7
2026-07-20,Epsilon,4200,28
2026-07-21,Alpha,7000,7
2026-07-21,Beta,5500,11
2026-07-21,Gamma,6000,20
2026-07-21,Delta,7200,9
2026-07-21,Epsilon,3900,26
2026-07-22,Alpha,9000,9
2026-07-22,Beta,4500,9
2026-07-22,Gamma,6600,22
2026-07-22,Delta,4000,5
2026-07-22,Epsilon,2400,16
2026-07-23,Alpha,11000,11
2026-07-23,Beta,10000,20
2026-07-23,Gamma,3300,11
2026-07-23,Delta,6400,8
2026-07-23,Epsilon,5100,34
2026-07-24,Alpha,10000,10
2026-07-24,Beta,9500,19
2026-07-24,Gamma,8400,28
2026-07-24,Delta,9600,12
2026-07-24,Epsilon,3900,26
2026-07-25,Alpha,14000,14
2026-07-25,Beta,5500,11
2026-07-25,Gamma,6600,22
2026-07-25,Delta,8800,11
2026-07-25,Epsilon,4650,31
2026-07-26,Alpha,20000,20
2026-07-26,Beta,9000,18
2026-07-26,Gamma,8400,28
2026-07-26,Delta,9600,12
2026-07-26,Epsilon,3150,21
2026-07-27,Alpha,9000,9
2026-07-27,Beta,16000,32
2026-07-27,Gamma,5400,18
2026-07-27,Delta,2400,3
2026-07-27,Epsilon,3150,21
2026-07-28,Alpha,15000,15
2026-07-28,Beta,6000,12
2026-07-28,Gamma,6900,23
2026-07-28,Delta,7200,9
2026-07-28,Epsilon,3000,20
2026-07-29,Alpha,12000,12
2026-07-29,Beta,5500,11
2026-07-29,Gamma,5400,18
2026-07-29,Delta,5600,7
2026-07-29,Epsilon,2850,19
2026-07-30,Alpha,11000,11
2026-07-30,Beta,7000,14
2026-07-30,Gamma,4800,16
2026-07-30,Delta,9600,12
2026-07-30,Epsilon,4050,27
2026-07-31,Alpha,9000,9
2026-07-31,Beta,10500,21
2026-07-31,Gamma,6900,23
2026-07-31,Delta,8000,10
2026-07-31,Epsilon,4350,29
2026-08-01,Alpha,13000,13
2026-08-01,Beta,7500,15
2026-08-01,Gamma,8100,27
2026-08-01,Delta,5600,7
2026-08-01,Epsilon,2700,18
2026-08-02,Alpha,15000,15
2026-08-02,Beta,11000,22
2026-08-02,Gamma,7800,26
2026-08-02,Delta,7200,9
2026-08-02,Epsilon,3900,26
2026-08-03,Alpha,11000,11
2026-08-03,Beta,9500,19
2026-08-03,Gamma,6300,21
2026-08-03,Delta,4800,6
2026-08-03,Epsilon,4200,28
2026-08-04,Alpha,11000,11
2026-08-04,Beta,10000,20
2026-08-04,Gamma,4500,15
2026-08-04,Delta,3200,4
2026-08-04,Epsilon,2850,19
2026-08-05,Alpha,11000,11
2026-08-05,Beta,12500,25
2026-08-05,Gamma,7200,24
2026-08-05,Delta,10400,13
2026-08-05,Epsilon,4350,29
2026-08-06,Alpha,8000,8
2026-08-06,Beta,7500,15
2026-08-06,Gamma,7800,26
2026-08-06,Delta,6400,8
2026-08-06,Epsilon,2850,19
2026-08-07,Alpha,9000,9
2026-08-07,Beta,8000,16
2026-08-07,Gamma,7200,24
2026-08-07,Delta,7200,9
2026-08-07,Epsilon,5400,36
2026-08-08,Alpha,18000,18
2026-08-08,Beta,9000,18
2026-08-08,Gamma,7500,25
2026-08-08,Delta,4800,6
2026-08-08,Epsilon,4950,33
2026-08-09,Alpha,17000,17
2026-08-09,Beta,9000,18
2026-08-09,Gamma,6900,23
2026-08-09,Delta,10400,13
2026-08-09,Epsilon,6450,43
2026-08-10,Alpha,14000,14
2026-08-10,Beta,9000,18
2026-08-10,Gamma,7200,24
2026-08-10,Delta,6400,8
2026-08-10,Epsilon,3000,20
2026-08-11,Alpha,6000,6
2026-08-11,Beta,4000,8
2026-08-11,Gamma,7500,25
2026-08-11,Delta,6400,8
2026-08-11,Epsilon,5100,34
2026-08-12,Alpha,14000,14
2026-08-12,Beta,9500,19
2026-08-12,Gamma,6000,20
2026-08-12,Delta,12000,15
2026-08-12,Epsilon,3450,23
2026-08-13,Alpha,9000,9
2026-08-13,Beta,5500,11
2026-08-13,Gamma,5400,18
2026-08-13,Delta,8000,10
2026-08-13,Epsilon,3750,25
2026-08-14,Alpha,15000,15
2026-08-14,Beta,7500,15
2026-08-14,Gamma,6000,20
2026-08-14,Delta,6400,8
2026-08-14,Epsilon,5850,39
2026-08-15,Alpha,17000,17
2026-08-15,Beta,9500,19
2026-08-15,Gamma,9300,31
2026-08-15,Delta,8000,10
2026-08-15,Epsilon,4950,33
2026-08-16,Alpha,13000,13
2026-08-16,Beta,9000,18
2026-08-16,Gamma,7800,26
2026-08-16,Delta,7200,9
2026-08-16,Epsilon,3600,24
2026-08-17,Alpha,15000,15
2026-08-17,Beta,5500,11
2026-08-17,Gamma,4500,15
2026-08-17,Delta,6400,8
2026-08-17,Epsilon,3450,23
2026-08-18,Alpha,13000,13
2026-08-18,Beta,7000,14
2026-08-18,Gamma,5700,19
2026-08-18,Delta,8000,10
2026-08-18,Epsilon,4650,31
2026-08-19,Alpha,9000,9
2026-08-19,Beta,4000,8
2026-08-19,Gamma,6900,23
2026-08-19,Delta,3200,4
2026-08-19,Epsilon,4500,30
2026-08-20,Alpha,15000,15
2026-08-20,Beta,6000,12
2026-08-20,Gamma,4500,15
2026-08-20,Delta,8800,11
2026-08-20,Epsilon,3000,20
2026-08-21,Alpha,19000,19
2026-08-21,Beta,8500,17
2026-08-21,Gamma,7500,25
2026-08-21,Delta,8800,11
2026-08-21,Epsilon,5100,34
2026-08-22,Alpha,17000,17
2026-08-22,Beta,7000,14
2026-08-22,Gamma,9300,31
2026-08-22,Delta,6400,8
2026-08-22,Epsilon,6450,43
2026-08-23,Alpha,20000,20
2026-08-23,Beta,12000,24
2026-08-23,Gamma,9300,31
2026-08-23,Delta,8000,10
2026-08-23,Epsilon,3300,22
2026-08-24,Alpha,17000,17
2026-08-24,Beta,11000,22
2026-08-24,Gamma,5400,18
2026-08-24,Delta,7200,9
2026-08-24,Epsilon,3600,24
2026-08-25,Alpha,15000,15
2026-08-25,Beta,11500,23
2026-08-25,Gamma,6300,21
2026-08-25,Delta,7200,9
2026-08-25,Epsilon,3600,24
2026-08-26,Alpha,7000,7
2026-08-26,Beta,6500,13
2026-08-26,Gamma,6300,21
2026-08-26,Delta,3200,4
2026-08-26,Epsilon,3750,25
2026-08-27,Alpha,15000,15
2026-08-27,Beta,10000,20
2026-08-27,Gamma,8400,28
2026-08-27,Delta,2400,3
2026-08-27,Epsilon,2700,18
2026-08-28,Alpha,12000,12
2026-08-28,Beta,12500,25
2026-08-28,Gamma,8700,29
2026-08-28,Delta,4800,6
2026-08-28,Epsilon,5250,35
2026-08-29,Alpha,11000,11
2026-08-29,Beta,4500,9
2026-08-29,Gamma,6300,21
2026-08-29,Delta,4800,6
2026-08-29,Epsilon,5400,36
2026-08-30,Alpha,13000,13
2026-08-30,Beta,11500,23
2026-08-30,Gamma,6900,23
2026-08-30,Delta,8000,10
2026-08-30,Epsilon,5400,36
2026-08-31,Alpha,13000,13
2026-08-31,Beta,8500,17
2026-08-31,Gamma,8400,28
2026-08-31,Delta,7200,9
2026-08-31,Epsilon,4050,27
2026-09-01,Alpha,20000,20
2026-09-01,Beta,7500,15
2026-09-01,Gamma,7200,24
2026-09-01,Delta,6400,8
2026-09-01,Epsilon,3150,21
2026-09-02,Alpha,13000,13
2026-09-02,Beta,6500,13
2026-09-02,Gamma,6300,21
2026-09-02,Delta,11200,14
2026-09-02,Epsilon,3300,22
2026-09-03,Alpha,14000,14
2026-09-03,Beta,7500,15
2026-09-03,Gamma,5100,17
2026-09-03,Delta,6400,8
2026-09-03,Epsilon,5400,36
2026-09-04,Alpha,15000,15
2026-09-04,Beta,8000,16
2026-09-04,Gamma,7800,26
2026-09-04,Delta,8800,11
2026-09-04,Epsilon,5100,34
2026-09-05,Alpha,8000,8
2026-09-05,Beta,12500,25
2026-09-05,Gamma,6900,23
2026-09-05,Delta,6400,8
2026-09-05,Epsilon,5550,37
2026-09-06,Alpha,15000,15
2026-09-06,Beta,9000,18
2026-09-06,Gamma,5700,19
2026-09-06,Delta,13600,17
2026-09-06,Epsilon,5400,36
2026-09-07,Alpha,12000,12
2026-09-07,Beta,8500,17
2026-09-07,Gamma,6900,23
2026-09-07,Delta,7200,9
2026-09-07,Epsilon,3450,23
2026-09-08,Alpha,15000,15
2026-09-08,Beta,6500,13
2026-09-08,Gamma,5400,18
2026-09-08,Delta,7200,9
2026-09-08,Epsilon,3900,26
2026-09-09,Alpha,17000,17
2026-09-09,Beta,10500,21
2026-09-09,Gamma,5700,19
2026-09-09,Delta,8800,11
2026-09-09,Epsilon,4500,30
2026-09-10,Alpha,13000,13
2026-09-10,Beta,5000,10
2026-09-10,Gamma,3000,10
2026-09-10,Delta,5600,7
2026-09-10,Epsilon,3750,25
2026-09-11,Alpha,16000,16
2026-09-11,Beta,11000,22
2026-09-11,Gamma,6600,22
2026-09-11,Delta,5600,7
2026-09-11,Epsilon,4950,33
2026-09-12,Alpha,19000,19
2026-09-12,Beta,9000,18
2026-09-12,Gamma,6300,21
2026-09-12,Delta,4800,6
2026-09-12,Epsilon,5400,36
2026-09-13,Alpha,17000,17
2026-09-13,Beta,13500,27
2026-09-13,Gamma,7500,25
2026-09-13,Delta,6400,8
2026-09-13,Epsilon,4350,29
2026-09-14,Alpha,4000,4
2026-09-14,Beta,11000,22
2026-09-14,Gamma,5700,19
2026-09-14,Delta,9600,12
2026-09-14,Epsilon,3900,26
2026-09-15,Alpha,4000,4
2026-09-15,Beta,5000,10
2026-09-15,Gamma,6000,20
2026-09-15,Delta,4800,6
2026-09-15,Epsilon,5400,36
2026-09-16,Alpha,3000,3
2026-09-16,Beta,9500,19
2026-09-16,Gamma,6300,21
2026-09-16,Delta,8800,11
2026-09-16,Epsilon,3900,26
2026-09-17,Alpha,6000,6
2026-09-17,Beta,10000,20
2026-09-17,Gamma,4500,15
2026-09-17,Delta,7200,9
2026-09-17,Epsilon,2550,17
2026-09-18,Alpha,4000,4
2026-09-18,Beta,8500,17
2026-09-18,Gamma,6300,21
2026-09-18,Delta,7200,9
2026-09-18,Epsilon,5100,34
2026-09-19,Alpha,7000,7
2026-09-19,Beta,10000,20
2026-09-19,Gamma,9300,31
2026-09-19,Delta,9600,12
2026-09-19,Epsilon,5850,39
2026-09-20,Alpha,3000,3
2026-09-20,Beta,12500,25
2026-09-20,Gamma,7800,26
2026-09-20,Delta,8000,10
2026-09-20,Epsilon,6000,40
2026-09-21,Alpha,3000,3
2026-09-21,Beta,9500,19
2026-09-21,Gamma,4500,15
2026-09-21,Delta,3200,4
2026-09-21,Epsilon,2850,19
2026-09-22,Alpha,4000,4
2026-09-22,Beta,6500,13
2026-09-22,Gamma,7200,24
2026-09-22,Delta,8000,10
2026-09-22,Epsilon,3450,23
2026-09-23,Alpha,5000,5
2026-09-23,Beta,10500,21
2026-09-23,Gamma,5700,19
2026-09-23,Delta,4800,6
2026-09-23,Epsilon,4050,27
2026-09-24,Alpha,4000,4
2026-09-24,Beta,8500,17
2026-09-24,Gamma,6900,23
2026-09-24,Delta,0,0
2026-09-24,Epsilon,3000,20
2026-09-25,Alpha,0,0
2026-09-25,Beta,0,0
2026-09-25,Gamma,0,0
2026-09-25,Delta,0,0
2026-09-25,Epsilon,5700,38
2026-09-26,Alpha,3000,3
2026-09-26,Beta,11000,22
2026-09-26,Gamma,10500,35
2026-09-26,Delta,5600,7
2026-09-26,Epsilon,4500,30
2026-09-27,Alpha,4000,4
2026-09-27,Beta,8000,16
2026-09-27,Gamma,8100,27
2026-09-27,Delta,8800,11
2026-09-27,Epsilon,5850,39
2026-09-28,Alpha,5000,5
2026-09-28,Beta,3500,7
2026-09-28,Gamma,3900,13
2026-09-28,Delta,4000,5
2026-09-28,Epsilon,4350,29
2026-09-29,Alpha,6000,6
2026-09-29,Beta,6500,13
2026-09-29,Gamma,4200,14
2026-09-29,Delta,5600,7
2026-09-29,Epsilon,4200,28
2026-09-30,Alpha,6000,6
2026-09-30,Beta,8500,17
2026-09-30,Gamma,4800,16
2026-09-30,Delta,4000,5
2026-09-30,Epsilon,4500,30
2026-10-01,Alpha,4000,4
2026-10-01,Beta,8500,17
2026-10-01,Gamma,6300,21
2026-10-01,Delta,2400,3
2026-10-01,Epsilon,3750,25
2026-10-02,Alpha,8000,8
2026-10-02,Beta,10500,21
2026-10-02,Gamma,8100,27
2026-10-02,Delta,8800,11
2026-10-02,Epsilon,7350,49
2026-10-03,Alpha,8000,8
2026-10-03,Beta,10000,20
2026-10-03,Gamma,10200,34
2026-10-03,Delta,4800,6
2026-10-03,Epsilon,5100,34
2026-10-04,Alpha,4000,4
2026-10-04,Beta,8000,16
2026-10-04,Gamma,8100,27
2026-10-04,Delta,8000,10
2026-10-04,Epsilon,4950,33
