TransactionDate;Article;CA;Qty;Stock
07/07/2026;Café;4 900;7;53
07/07/2026;Thé;2 750;11;389
07/07/2026;Sucre;2 520;21;479
08/07/2026;Café;9 800;14;39
08/07/2026;Thé;4 000;16;373
08/07/2026;Sucre;1 560;13;466
09/07/2026;Café;11 200;16;23
09/07/2026;Thé;2 000;8;365
09/07/2026;Sucre;2 760;23;443
10/07/2026;Café;7 700;11;12
10/07/2026;Thé;2 000;8;357
10/07/2026;Sucre;2 400;20;423
11/07/2026;Café;7 700;11;1
11/07/2026;Thé;2 000;8;349
11/07/2026;Sucre;2 040;17;406
12/07/2026;Café;700;1;0
12/07/2026;Thé;2 500;10;339
12/07/2026;Sucre;2 040;17;389
13/07/2026;Café;0;0;0
13/07/2026;Thé;2 500;10;329
13/07/2026;Sucre;2 520;21;368
14/07/2026;Café;0;0;0
14/07/2026;Thé;4 750;19;310
14/07/2026;Sucre;2 760;23;345
15/07/2026;Café;0;0;0
15/07/2026;Thé;5 000;20;290
15/07/2026;Sucre;1 920;16;329
16/07/2026;Café;0;0;0
16/07/2026;Thé;3 750;15;275
16/07/2026;Sucre;1 920;16;313
17/07/2026;Café;0;0;0
17/07/2026;Thé;3 500;14;261
17/07/2026;Sucre;2 400;20;293
18/07/2026;Café;0;0;0
18/07/2026;Thé;4 250;17;244
18/07/2026;Sucre;3 240;27;266
19/07/2026;Café;0;0;0
19/07/2026;Thé;3 500;14;230
19/07/2026;Sucre;1 920;16;250
20/07/2026;Café;0;0;0
20/07/2026;Thé;5 750;23;207
20/07/2026;Sucre;1 800;15;235
21/07/2026;Café;0;0;0
21/07/2026;Thé;3 000;12;195
21/07/2026;Sucre;1 800;15;220
22/07/2026;Café;0;0;0
22/07/2026;Thé;2 750;11;184
22/07/2026;Sucre;1 800;15;205
23/07/2026;Café;0;0;0
23/07/2026;Thé;2 500;10;174
23/07/2026;Sucre;1 800;15;190
24/07/2026;Café;0;0;0
24/07/2026;Thé;3 000;12;162
24/07/2026;Sucre;3 000;25;165
25/07/2026;Café;0;0;0
25/07/2026;Thé;3 250;13;149
25/07/2026;Sucre;2 760;23;142
26/07/2026;Café;0;0;0
26/07/2026;Thé;2 500;10;139
26/07/2026;Sucre;3 000;25;117
27/07/2026;Café;0;0;0
27/07/2026;Thé;5 000;20;119
27/07/2026;Sucre;2 160;18;499
28/07/2026;Café;0;0;0
28/07/2026;Thé;4 750;19;100
28/07/2026;Sucre;1 560;13;486
29/07/2026;Café;0;0;0
29/07/2026;Thé;3 750;15;485
29/07/2026;Sucre;2 040;17;469
30/07/2026;Café;0;0;0
30/07/2026;Thé;4 750;19;466
30/07/2026;Sucre;2 880;24;445
31/07/2026;Café;0;0;0
31/07/2026;Thé;3 750;15;451
31/07/2026;Sucre;1 800;15;430
01/08/2026;Café;0;0;0
01/08/2026;Thé;3 000;12;439
01/08/2026;Sucre;2 640;22;408
02/08/2026;Café;0;0;0
02/08/2026;Thé;4 250;17;422
02/08/2026;Sucre;3 120;26;382
03/08/2026;Café;0;0;0
03/08/2026;Thé;3 000;12;410
03/08/2026;Sucre;2 520;21;361
04/08/2026;Café;0;0;0
04/08/2026;Thé;2 000;8;402
04/08/2026;Sucre;1 680;14;347
05/08/2026;Café;0;0;0
05/08/2026;Thé;2 500;10;392
05/08/2026;Sucre;2 520;21;326
06/08/2026;Café;0;0;0
06/08/2026;Thé;5 000;20;372
06/08/2026;Sucre;3 360;28;298
07/08/2026;Café;0;0;0
07/08/2026;Thé;4 250;17;355
07/08/2026;Sucre;3 480;29;269
08/08/2026;Café;0;0;0
08/08/2026;Thé;4 000;16;339
08/08/2026;Sucre;3 360;28;241
09/08/2026;Café;0;0;0
09/08/2026;Thé;2 250;9;330
09/08/2026;Sucre;2 520;21;220
10/08/2026;Café;0;0;0
10/08/2026;Thé;4 500;18;312
10/08/2026;Sucre;2 400;20;200
11/08/2026;Café;0;0;0
11/08/2026;Thé;5 250;21;291
11/08/2026;Sucre;1 680;14;186
12/08/2026;Café;0;0;0
12/08/2026;Thé;2 500;10;281
12/08/2026;Sucre;2 880;24;162
13/08/2026;Café;0;0;0
13/08/2026;Thé;5 250;21;260
13/08/2026;Sucre;2 760;23;139
14/08/2026;Café;0;0;0
14/08/2026;Thé;3 750;15;245
14/08/2026;Sucre;1 920;16;123
15/08/2026;Café;0;0;0
15/08/2026;Thé;3 750;15;230
15/08/2026;Sucre;3 000;25;498
16/08/2026;Café;0;0;0
16/08/2026;Thé;4 250;17;213
16/08/2026;Sucre;3 000;25;473
17/08/2026;Café;0;0;0
17/08/2026;Thé;2 500;10;203
17/08/2026;Sucre;2 640;22;451
18/08/2026;Café;0;0;0
18/08/2026;Thé;3 750;15;188
18/08/2026;Sucre;1 560;13;438
19/08/2026;Café;0;0;0
19/08/2026;Thé;6 000;24;164
19/08/2026;Sucre;1 920;16;422
20/08/2026;Café;0;0;0
20/08/2026;Thé;3 250;13;151
20/08/2026;Sucre;2 520;21;401
21/08/2026;Café;0;0;0
21/08/2026;Thé;2 500;10;141
21/08/2026;Sucre;2 040;17;384
22/08/2026;Café;0;0;0
22/08/2026;Thé;2 750;11;130
22/08/2026;Sucre;1 920;16;368
23/08/2026;Café;0;0;0
23/08/2026;Thé;2 250;9;121
23/08/2026;Sucre;2 280;19;349
24/08/2026;Café;0;0;0
24/08/2026;Thé;4 500;18;103
24/08/2026;Sucre;2 640;22;327
25/08/2026;Café;0;0;0
25/08/2026;Thé;3 500;14;489
25/08/2026;Sucre;2 640;22;305
26/08/2026;Café;0;0;0
26/08/2026;Thé;3 250;13;476
26/08/2026;Sucre;1 800;15;290
27/08/2026;Café;0;0;0
27/08/2026;Thé;2 500;10;466
27/08/2026;Sucre;2 400;20;270
28/08/2026;Café;0;0;0
28/08/2026;Thé;3 250;13;453
28/08/2026;Sucre;1 680;14;256
29/08/2026;Café;0;0;0
29/08/2026;Thé;3 500;14;439
29/08/2026;Sucre;2 400;20;236
30/08/2026;Café;0;0;0
30/08/2026;Thé;2 500;10;429
30/08/2026;Sucre;2 040;17;219
31/08/2026;Café;0;0;0
31/08/2026;Thé;4 500;18;411
31/08/2026;Sucre;2 280;19;200
01/09/2026;Café;0;0;0
01/09/2026;Thé;5 500;22;389
01/09/2026;Sucre;2 640;22;178
02/09/2026;Café;0;0;0
02/09/2026;Thé;3 500;14;375
02/09/2026;Sucre;2 520;21;157
03/09/2026;Café;0;0;0
03/09/2026;Thé;2 250;9;366
03/09/2026;Sucre;2 160;18;139
04/09/2026;Café;0;0;0
04/09/2026;Thé;3 000;12;354
04/09/2026;Sucre;2 880;24;115
05/09/2026;Café;0;0;0
05/09/2026;Thé;2 500;10;344
05/09/2026;Sucre;1 800;15;100
06/09/2026;Café;0;0;0
06/09/2026;Thé;2 500;10;334
06/09/2026;Sucre;2 040;17;483
07/09/2026;Café;0;0;0
07/09/2026;Thé;3 750;15;319
07/09/2026;Sucre;3 120;26;457
08/09/2026;Café;0;0;0
08/09/2026;Thé;3 250;13;306
08/09/2026;Sucre;2 520;21;436
09/09/2026;Café;0;0;0
09/09/2026;Thé;3 000;12;294
09/09/2026;Sucre;2 880;24;412
10/09/2026;Café;0;0;0
10/09/2026;Thé;4 250;17;277
10/09/2026;Sucre;2 760;23;389
11/09/2026;Café;0;0;0
11/09/2026;Thé;4 250;17;260
11/09/2026;Sucre;1 800;15;374
12/09/2026;Café;0;0;0
12/09/2026;Thé;4 500;18;242
12/09/2026;Sucre;3 480;29;345
13/09/2026;Café;0;0;0
13/09/2026;Thé;3 500;14;228
13/09/2026;Sucre;1 800;15;330
14/09/2026;Café;0;0;0
14/09/2026;Thé;4 750;19;209
14/09/2026;Sucre;2 040;17;313
15/09/2026;Café;0;0;0
15/09/2026;Thé;5 250;21;188
15/09/2026;Sucre;1 800;15;298
16/09/2026;Café;0;0;0
16/09/2026;Thé;2 750;11;177
16/09/2026;Sucre;2 640;22;276
17/09/2026;Café;0;0;0
17/09/2026;Thé;5 000;20;157
17/09/2026;Sucre;2 280;19;257
18/09/2026;Café;0;0;0
18/09/2026;Thé;5 000;20;137
18/09/2026;Sucre;1 920;16;241
19/09/2026;Café;0;0;0
19/09/2026;Thé;3 000;12;125
19/09/2026;Sucre;2 880;24;217
20/09/2026;Café;0;0;0
20/09/2026;Thé;2 250;9;116
20/09/2026;Sucre;1 560;13;204
21/09/2026;Café;0;0;0
21/09/2026;Thé;4 500;18;498
21/09/2026;Sucre;2 640;22;182
22/09/2026;Café;0;0;0
22/09/2026;Thé;4 750;19;479
22/09/2026;Sucre;2 400;20;162
23/09/2026;Café;0;0;0
23/09/2026;Thé;4 250;17;462
23/09/2026;Sucre;1 560;13;149
24/09/2026;Café;0;0;0
24/09/2026;Thé;3 750;15;447
24/09/2026;Sucre;2 400;20;129
25/09/2026;Café;0;0;0
25/09/2026;Thé;2 250;9;438
25/09/2026;Sucre;1 320;11;118
26/09/2026;Café;0;0;0
26/09/2026;Thé;3 750;15;423
26/09/2026;Sucre;1 440;12;106
27/09/2026;Café;0;0;0
27/09/2026;Thé;3 750;15;408
27/09/2026;Sucre;3 360;28;478
28/09/2026;Café;0;0;0
28/09/2026;Thé;3 750;15;393
28/09/2026;Sucre;2 280;19;459
29/09/2026;Café;0;0;0
29/09/2026;Thé;4 500;18;375
29/09/2026;Sucre;2 880;24;435
30/09/2026;Café;0;0;0
30/09/2026;Thé;4 500;18;357
30/09/2026;Sucre;1 560;13;422
01/10/2026;Café;0;0;0
01/10/2026;Thé;2 750;11;346
01/10/2026;Sucre;3 960;33;389
02/10/2026;Café;0;0;0
02/10/2026;Thé;2 500;10;336
02/10/2026;Sucre;3 240;27;362
03/10/2026;Café;0;0;0
03/10/2026;Thé;2 500;10;326
03/10/2026;Sucre;2 280;19;343
04/10/2026;Café;0;0;0
04/10/2026;Thé;2 000;8;318
04/10/2026;Sucre;2 640;22;321
